GalaxyID,Class1.1,Class1.2,Class1.3,Class2.1,Class2.2,Class3.1,Class3.2,Class4.1,Class4.2,Class5.1,Class5.2,Class5.3,Class5.4,Class6.1,Class6.2,Class7.1,Class7.2,Class7.3,Class8.1,Class8.2,Class8.3,Class8.4,Class8.5,Class8.6,Class8.7,Class9.1,Class9.2,Class9.3,Class10.1,Class10.2,Class10.3,Class11.1,Class11.2,Class11.3,Class11.4,Class11.5,Class11.6
100008,0.383147,0.616853,0,0,0.616853,0.038452149,0.578400851,0.418397819,0.198455181,0,0.104752126,0.512100874,0,0.054453,0.945547,0.201462524,0.181684476,0,0,0.0272265,0,0.0272265,0,0,0,0,0,0,0.279952491,0.138445328,0,0,0.092885571,0,0,0,0.325512248
100023,0.327001,0.663777,0.009222,0.031178269,0.632598731,0.467369636,0.165229095,0.591327989,0.041270741,0,0.236781072,0.160940708,0.23487695,0.189149,0.810851,0,0.135081824,0.191919176,0,0,0.140353476,0,0.048795524,0,0,0.012414127,0,0.018764143,0,0.131377705,0.459950285,0,0.591327989,0,0,0,0
100053,0.765717,0.177352,0.056931,0,0.177352,0,0.177352,0,0.177352,0,0.11778975,0.05956225,0,0,1,0,0.74186415,0.02385285,0,0,0,0,0,0,0,0,0,0,0,0,0,0,0,0,0,0,0
